﻿<?xml version="1.0" encoding="utf-8" ?>
<c2eventsheet>
    <!--All the 'name' attributes are ignored by Construct 2 - they are there for readability only.-->
    <name>Event sheet 2</name>
    <events>
        <event-block sid="159198701283167">
            <conditions>
                <condition id="0" name="On clicked" sid="486110508165504" type="Button3" />
            </conditions>
            <actions>
                <action id="-9" name="Destroy" sid="859964782821350" type="Text6" />
                <action id="-9" name="Destroy" sid="578141113160637" type="Button3" />
                <action id="-9" name="Destroy" sid="341454378945827" type="Sprite9" />
                <action id="-15" name="Set visible" sid="608121553715966" type="Sprite13">
                    <param id="0" name="Visibility">1</param>
                </action>
                <action id="-15" name="Set visible" sid="866844243874433" type="Sprite10">
                    <param id="0" name="Visibility">1</param>
                </action>
            </actions>
        </event-block>
        <event-block sid="181753114928585">
            <conditions>
                <condition id="-1" name="Every tick" sid="487914597940074" type="System" />
            </conditions>
            <actions>
                <action id="-22" name="Set angle toward position" sid="874625695006752" type="Sprite13">
                    <param id="0" name="X">Mouse.X</param>
                    <param id="1" name="Y">Mouse.Y</param>
                </action>
                <action id="0" name="Set text" sid="569552004034757" type="Text7">
                    <param id="0" name="Text">&quot;Score:&quot; &amp; Score</param>
                </action>
            </actions>
        </event-block>
        <event-block sid="241930857778473">
            <conditions>
                <condition id="0" name="On click" sid="318317125356005" type="Mouse">
                    <param id="0" name="Mouse button">0</param>
                    <param id="1" name="Click type">0</param>
                </condition>
            </conditions>
            <actions>
                <action id="0" name="Spawn another object" sid="141163828782511" type="Sprite13">
                    <param id="0" name="Object">Sprite11</param>
                    <param id="1" name="Layer">1</param>
                    <param id="2" name="Image point">1</param>
                </action>
            </actions>
        </event-block>
        <event-block sid="682340265853840">
            <conditions>
                <condition id="0" name="On collision with another object" sid="761302629266795" type="Sprite11">
                    <param id="0" name="Object">Sprite10</param>
                </condition>
            </conditions>
            <actions>
                <action id="-12" name="Subtract from" sid="525300433674795" type="Sprite10">
                    <param id="0" name="Instance variable">health</param>
                    <param id="1" name="Value">1</param>
                </action>
                <action id="0" name="Play" sid="543625228702217" type="Audio">
                    <param id="0" name="Audio file">sound effects explosion</param>
                    <param id="2" name="Loop">0</param>
                    <param id="3" name="Volume">0</param>
                    <param id="1" name="Tag (optional)">&quot;&quot;</param>
                </action>
                <action id="-9" name="Destroy" sid="425878723663742" type="Sprite11" />
                <action id="0" name="Spawn another object" sid="749987127638943" type="Sprite11">
                    <param id="0" name="Object">Sprite12</param>
                    <param id="1" name="Layer">1</param>
                    <param id="2" name="Image point">0</param>
                </action>
            </actions>
        </event-block>
        <event-block sid="737003257082549">
            <conditions>
                <condition id="-7" name="Compare instance variable" sid="703809662369042" type="Sprite10">
                    <param id="0" name="Instance variable">health</param>
                    <param id="1" name="Comparison">3</param>
                    <param id="2" name="Value">0</param>
                </condition>
            </conditions>
            <actions>
                <action id="0" name="Spawn another object" sid="513842459940144" type="Sprite10">
                    <param id="0" name="Object">Sprite12</param>
                    <param id="1" name="Layer">1</param>
                    <param id="2" name="Image point">0</param>
                </action>
                <action id="-9" name="Destroy" sid="594411237835112" type="Sprite10" />
                <action id="-10" name="Add to" sid="243880583658760" type="System">
                    <param id="0" name="Variable">score</param>
                    <param id="1" name="Value">1</param>
                </action>
            </actions>
        </event-block>
        <event-block sid="245466537745519">
            <conditions>
                <condition id="-2" name="On start of layout" sid="537197155176363" type="System" />
            </conditions>
            <actions>
                <action id="-8" name="Set angle" sid="846324341311823" type="Sprite10">
                    <param id="0" name="Angle">random (360)</param>
                </action>
            </actions>
        </event-block>
        <event-block sid="251610987468562">
            <conditions>
                <condition id="-4" name="Is outside layout" sid="237349061507613" type="Sprite10" />
            </conditions>
            <actions>
                <action id="-22" name="Set angle toward position" sid="617653753311697" type="Sprite10">
                    <param id="0" name="X">Player.X</param>
                    <param id="1" name="Y">Player.Y</param>
                </action>
            </actions>
        </event-block>
        <event-block sid="734126697190803">
            <conditions>
                <condition id="6" name="On object clicked" sid="413389630705719" type="Mouse">
                    <param id="0" name="Mouse button">0</param>
                    <param id="1" name="Click type">0</param>
                    <param id="2" name="Object clicked">pause2</param>
                </condition>
            </conditions>
            <actions>
                <action id="-13" name="Set time scale" sid="437220054375210" type="System">
                    <param id="0" name="Time scale">1-timescale</param>
                </action>
            </actions>
        </event-block>
        <event-block sid="632217097764623">
            <conditions>
                <condition id="-14" name="Compare variable" sid="795969220229945" type="System">
                    <param id="0" name="Variable">score</param>
                    <param id="1" name="Comparison">0</param>
                    <param id="2" name="Value">21</param>
                </condition>
            </conditions>
            <actions>
                <action id="-2" name="Go to layout" sid="909111924251866" type="System">
                    <param id="0" name="Layout">Layout 3</param>
                </action>
            </actions>
        </event-block>
    </events>
</c2eventsheet>
