﻿<?xml version="1.0" encoding="utf-8" ?>
<c2eventsheet>
    <!--All the 'name' attributes are ignored by Construct 2 - they are there for readability only.-->
    <name>Event sheet 3</name>
    <events>
        <event-block sid="439624956582195">
            <conditions>
                <condition id="0" name="On clicked" sid="273600063295559" type="Button4" />
            </conditions>
            <actions>
                <action id="-9" name="Destroy" sid="103403876443450" type="Button4" />
                <action id="-9" name="Destroy" sid="800544841878800" type="Text8" />
                <action id="-9" name="Destroy" sid="988023360718274" type="Sprite14" />
            </actions>
        </event-block>
        <event-block sid="769074989496321">
            <conditions>
                <condition id="-19" name="On destroyed" sid="826586994902810" type="Button4" />
            </conditions>
            <actions>
                <action id="-15" name="Set visible" sid="407798957612399" type="Sprite18">
                    <param id="0" name="Visibility">1</param>
                </action>
                <action id="-15" name="Set visible" sid="587834235894076" type="Sprite15">
                    <param id="0" name="Visibility">1</param>
                </action>
                <action id="-15" name="Set visible" sid="135298873700756" type="Sprite17">
                    <param id="0" name="Visibility">1</param>
                </action>
            </actions>
        </event-block>
        <event-block sid="769212273555768">
            <conditions>
                <condition id="-1" name="Every tick" sid="297662226541551" type="System" />
            </conditions>
            <actions>
                <action id="-22" name="Set angle toward position" sid="808175542309120" type="Sprite15">
                    <param id="0" name="X">Mouse.X</param>
                    <param id="1" name="Y">Mouse.Y</param>
                </action>
                <action id="0" name="Set text" sid="355318708306743" type="Text9">
                    <param id="0" name="Text">&quot;Score:&quot; &amp; Score</param>
                </action>
            </actions>
        </event-block>
        <event-block sid="979664460725278">
            <conditions>
                <condition id="6" name="On object clicked" sid="288230223436354" type="Mouse">
                    <param id="0" name="Mouse button">0</param>
                    <param id="1" name="Click type">0</param>
                    <param id="2" name="Object clicked">pause3</param>
                </condition>
            </conditions>
            <actions>
                <action id="-13" name="Set time scale" sid="600590820039115" type="System">
                    <param id="0" name="Time scale">1-timescale</param>
                </action>
            </actions>
        </event-block>
        <event-block sid="930567239112801">
            <conditions>
                <condition id="0" name="On click" sid="631826358062643" type="Mouse">
                    <param id="0" name="Mouse button">0</param>
                    <param id="1" name="Click type">0</param>
                </condition>
            </conditions>
            <actions>
                <action id="0" name="Spawn another object" sid="195693297610625" type="Sprite15">
                    <param id="0" name="Object">Sprite16</param>
                    <param id="1" name="Layer">1</param>
                    <param id="2" name="Image point">1</param>
                </action>
            </actions>
        </event-block>
        <event-block sid="324059819991161">
            <conditions>
                <condition id="0" name="On collision with another object" sid="507737028876582" type="Sprite16">
                    <param id="0" name="Object">Sprite18</param>
                </condition>
            </conditions>
            <actions>
                <action id="-12" name="Subtract from" sid="281237484504843" type="Sprite18">
                    <param id="0" name="Instance variable">health</param>
                    <param id="1" name="Value">1</param>
                </action>
                <action id="0" name="Play" sid="938701511388261" type="Audio">
                    <param id="0" name="Audio file">sound effects explosion</param>
                    <param id="2" name="Loop">0</param>
                    <param id="3" name="Volume">0</param>
                    <param id="1" name="Tag (optional)">&quot;&quot;</param>
                </action>
                <action id="-9" name="Destroy" sid="584121190857870" type="Sprite16" />
                <action id="0" name="Spawn another object" sid="150352828481967" type="Sprite16">
                    <param id="0" name="Object">Sprite17</param>
                    <param id="1" name="Layer">1</param>
                    <param id="2" name="Image point">0</param>
                </action>
            </actions>
        </event-block>
        <event-block sid="406125616270204">
            <conditions>
                <condition id="0" name="On collision with another object" sid="629985444842700" type="Sprite15">
                    <param id="0" name="Object">Sprite18</param>
                </condition>
            </conditions>
            <actions>
                <action behavior="ScrollTo" id="0" name="Shake" sid="287340601045541" type="Sprite15">
                    <param id="0" name="Magnitude">15</param>
                    <param id="1" name="Duration">0.4</param>
                    <param id="2" name="Mode">0</param>
                </action>
                <action id="-12" name="Subtract from" sid="137903494865035" type="Sprite15">
                    <param id="0" name="Instance variable">life_3</param>
                    <param id="1" name="Value">1</param>
                </action>
            </actions>
        </event-block>
        <event-block sid="929411123727165">
            <conditions>
                <condition id="-7" name="Compare instance variable" sid="622840261239450" type="Sprite15">
                    <param id="0" name="Instance variable">life_3</param>
                    <param id="1" name="Comparison">3</param>
                    <param id="2" name="Value">0</param>
                </condition>
            </conditions>
            <actions>
                <action id="-9" name="Destroy" sid="788367444239336" type="Sprite15" />
            </actions>
        </event-block>
        <event-block sid="956121079161847">
            <conditions>
                <condition id="-19" name="On destroyed" sid="382096941644327" type="Sprite15" />
            </conditions>
            <actions>
                <action id="-26" name="Restart layout" sid="986831210458545" type="System" />
            </actions>
        </event-block>
        <event-block sid="466989029193851">
            <conditions>
                <condition id="-2" name="On start of layout" sid="148215995859134" type="System" />
            </conditions>
            <actions>
                <action id="-8" name="Set angle" sid="384619050597087" type="Sprite18">
                    <param id="0" name="Angle">random (360)</param>
                </action>
            </actions>
        </event-block>
        <event-block sid="159117917784998">
            <conditions>
                <condition id="-4" name="Is outside layout" sid="688695916067845" type="Sprite18" />
            </conditions>
            <actions>
                <action id="-22" name="Set angle toward position" sid="519261060788301" type="Sprite18">
                    <param id="0" name="X">Player.X</param>
                    <param id="1" name="Y">Player.Y</param>
                </action>
            </actions>
        </event-block>
        <event-block sid="561397912024974">
            <conditions>
                <condition id="-7" name="Compare instance variable" sid="895734424752961" type="Sprite18">
                    <param id="0" name="Instance variable">health</param>
                    <param id="1" name="Comparison">3</param>
                    <param id="2" name="Value">0</param>
                </condition>
            </conditions>
            <actions>
                <action id="-9" name="Destroy" sid="675944805685262" type="Sprite18" />
                <action id="-10" name="Add to" sid="306375108448254" type="System">
                    <param id="0" name="Variable">score</param>
                    <param id="1" name="Value">1</param>
                </action>
            </actions>
        </event-block>
        <event-block sid="314440416837395">
            <conditions>
                <condition id="-14" name="Compare variable" sid="273264235466794" type="System">
                    <param id="0" name="Variable">score</param>
                    <param id="1" name="Comparison">0</param>
                    <param id="2" name="Value">30</param>
                </condition>
            </conditions>
            <actions>
                <action id="-2" name="Go to layout" sid="753543027506570" type="System">
                    <param id="0" name="Layout">Layout 4</param>
                </action>
            </actions>
        </event-block>
    </events>
</c2eventsheet>
