﻿<?xml version="1.0" encoding="utf-8" ?>
<c2eventsheet>
    <!--All the 'name' attributes are ignored by Construct 2 - they are there for readability only.-->
    <name>Event sheet 7</name>
    <events>
        <event-block sid="356205146389971">
            <conditions>
                <condition id="0" name="On clicked" sid="520020474048932" type="Button8" />
            </conditions>
            <actions>
                <action id="-9" name="Destroy" sid="835796378510730" type="Button8" />
                <action id="-9" name="Destroy" sid="656822885352801" type="Sprite35" />
                <action id="-9" name="Destroy" sid="950201576450009" type="Text16" />
            </actions>
        </event-block>
        <event-block sid="578022122290643">
            <conditions>
                <condition id="-19" name="On destroyed" sid="277793034416122" type="Button8" />
            </conditions>
            <actions>
                <action id="-15" name="Set visible" sid="563139741028683" type="Sprite36">
                    <param id="0" name="Visibility">1</param>
                </action>
                <action id="-15" name="Set visible" sid="346742216759162" type="Sprite39">
                    <param id="0" name="Visibility">1</param>
                </action>
            </actions>
        </event-block>
        <event-block sid="722272216655544">
            <conditions>
                <condition id="-1" name="Every tick" sid="346951903123965" type="System" />
            </conditions>
            <actions>
                <action id="-22" name="Set angle toward position" sid="581529139485936" type="Sprite36">
                    <param id="0" name="X">Mouse.X</param>
                    <param id="1" name="Y">Mouse.Y</param>
                </action>
                <action id="0" name="Set text" sid="447279288484052" type="Text17">
                    <param id="0" name="Text">&quot;Score:&quot; &amp; Score</param>
                </action>
            </actions>
        </event-block>
        <event-block sid="489987218936955">
            <conditions>
                <condition id="6" name="On object clicked" sid="625820613890735" type="Mouse">
                    <param id="0" name="Mouse button">0</param>
                    <param id="1" name="Click type">0</param>
                    <param id="2" name="Object clicked">pause7</param>
                </condition>
            </conditions>
            <actions>
                <action id="-13" name="Set time scale" sid="974257815706688" type="System">
                    <param id="0" name="Time scale">1-timescale</param>
                </action>
            </actions>
        </event-block>
        <event-block sid="383001536319753">
            <conditions>
                <condition id="0" name="On click" sid="398044676233881" type="Mouse">
                    <param id="0" name="Mouse button">0</param>
                    <param id="1" name="Click type">0</param>
                </condition>
            </conditions>
            <actions>
                <action id="0" name="Spawn another object" sid="862572626849498" type="Sprite36">
                    <param id="0" name="Object">Sprite37</param>
                    <param id="1" name="Layer">1</param>
                    <param id="2" name="Image point">1</param>
                </action>
            </actions>
        </event-block>
        <event-block sid="331380038373969">
            <conditions>
                <condition id="0" name="On collision with another object" sid="366355710697508" type="Sprite37">
                    <param id="0" name="Object">Sprite39</param>
                </condition>
            </conditions>
            <actions>
                <action id="0" name="Spawn another object" sid="645606918270626" type="Sprite37">
                    <param id="0" name="Object">Sprite38</param>
                    <param id="1" name="Layer">1</param>
                    <param id="2" name="Image point">0</param>
                </action>
                <action id="0" name="Play" sid="332560466105699" type="Audio">
                    <param id="0" name="Audio file">sound effects explosion</param>
                    <param id="2" name="Loop">0</param>
                    <param id="3" name="Volume">0</param>
                    <param id="1" name="Tag (optional)">&quot;&quot;</param>
                </action>
                <action id="-12" name="Subtract from" sid="560664873700152" type="Sprite39">
                    <param id="0" name="Instance variable">health</param>
                    <param id="1" name="Value">1</param>
                </action>
                <action id="-9" name="Destroy" sid="530408015769166" type="Sprite37" />
            </actions>
        </event-block>
        <event-block sid="175368672033557">
            <conditions>
                <condition id="-7" name="Compare instance variable" sid="620010511119050" type="Sprite39">
                    <param id="0" name="Instance variable">health</param>
                    <param id="1" name="Comparison">3</param>
                    <param id="2" name="Value">0</param>
                </condition>
            </conditions>
            <actions>
                <action id="-9" name="Destroy" sid="611381292233332" type="Sprite39" />
            </actions>
        </event-block>
        <event-block sid="824093784211016">
            <conditions>
                <condition id="0" name="On collision with another object" sid="988984213588499" type="Sprite36">
                    <param id="0" name="Object">Sprite39</param>
                </condition>
            </conditions>
            <actions>
                <action behavior="ScrollTo" id="0" name="Shake" sid="585355710548864" type="Sprite36">
                    <param id="0" name="Magnitude">20</param>
                    <param id="1" name="Duration">0.4</param>
                    <param id="2" name="Mode">0</param>
                </action>
                <action id="-12" name="Subtract from" sid="426022955855147" type="Sprite36">
                    <param id="0" name="Instance variable">life_7</param>
                    <param id="1" name="Value">1</param>
                </action>
            </actions>
        </event-block>
        <event-block sid="645987677535748">
            <conditions>
                <condition id="-7" name="Compare instance variable" sid="675886498391640" type="Sprite36">
                    <param id="0" name="Instance variable">life_7</param>
                    <param id="1" name="Comparison">3</param>
                    <param id="2" name="Value">0</param>
                </condition>
            </conditions>
            <actions>
                <action id="-9" name="Destroy" sid="706252357911731" type="Sprite36" />
            </actions>
        </event-block>
        <event-block sid="471618854002658">
            <conditions>
                <condition id="-19" name="On destroyed" sid="336329760034956" type="Sprite36" />
            </conditions>
            <actions>
                <action id="-26" name="Restart layout" sid="403988592913064" type="System" />
            </actions>
        </event-block>
        <event-block sid="252814197672421">
            <conditions>
                <condition id="-2" name="On start of layout" sid="236999343000521" type="System" />
            </conditions>
            <actions>
                <action id="-8" name="Set angle" sid="320036784382956" type="Sprite39">
                    <param id="0" name="Angle">random (360)</param>
                </action>
            </actions>
        </event-block>
        <event-block sid="862711335707539">
            <conditions>
                <condition id="-4" name="Is outside layout" sid="895959238333787" type="Sprite39" />
            </conditions>
            <actions>
                <action id="-22" name="Set angle toward position" sid="438136948840480" type="Sprite39">
                    <param id="0" name="X">Player.X</param>
                    <param id="1" name="Y">Player.Y</param>
                </action>
            </actions>
        </event-block>
        <event-block sid="951108083886065">
            <conditions>
                <condition id="-14" name="Compare variable" sid="157583905224397" type="System">
                    <param id="0" name="Variable">score</param>
                    <param id="1" name="Comparison">0</param>
                    <param id="2" name="Value">58</param>
                </condition>
            </conditions>
            <actions>
                <action id="-2" name="Go to layout" sid="189342266344983" type="System">
                    <param id="0" name="Layout">Layout 8</param>
                </action>
            </actions>
        </event-block>
    </events>
</c2eventsheet>
